{"is_source_file": false, "format": "", "description": "", "external_files": [], "external_methods": [], "published": [], "classes": [], "methods": [], "calls": [], "search-terms": [], "state": 2, "file_id": 8, "knowledge_revision": 18, "git_revision": "5f98b97735e84b6a2d85b21c148eae66fad1165c", "hash": "be6538e7523bc2e9da0743133d784136", "format-version": 4, "code-base-name": "frontend_calculator", "filename": "frontend_calculator/eslint.config.mjs", "revision_history": [{"18": "5f98b97735e84b6a2d85b21c148eae66fad1165c"}]}