{"is_source_file": false, "format": "", "description": "", "external_files": [], "external_methods": [], "published": [], "classes": [], "methods": [], "calls": [], "search-terms": [], "state": 2, "file_id": 11, "knowledge_revision": 17, "git_revision": "5f98b97735e84b6a2d85b21c148eae66fad1165c", "hash": "ebece526bc2eadd78ddd787a76c56607", "format-version": 4, "code-base-name": "frontend_calculator", "filename": "frontend_calculator/README.md", "revision_history": [{"17": "5f98b97735e84b6a2d85b21c148eae66fad1165c"}]}