{"is_source_file": false, "format": "", "description": "", "external_files": [], "external_methods": [], "published": [], "classes": [], "methods": [], "calls": [], "search-terms": [], "state": 2, "file_id": 3, "knowledge_revision": 22, "git_revision": "5f98b97735e84b6a2d85b21c148eae66fad1165c", "ctags": [], "hash": "1a77571e1a8cf36018a41bcedf60db75", "format-version": 4, "code-base-name": "frontend_calculator", "filename": "frontend_calculator/src/setupTests.js", "revision_history": [{"22": "5f98b97735e84b6a2d85b21c148eae66fad1165c"}]}