{"is_source_file": true, "format": "JavaScript (React JSX)", "description": "This file defines the main React component for a calculator application, implementing calculator behaviors, UI rendering, keyboard input handling, and internal state management.", "external_files": ["react"], "external_methods": ["React.useState", "React.useCallback", "React.useMemo", "React.useRef", "React.useEffect"], "published": ["App"], "classes": [], "methods": [{"name": "App()", "description": "Main React functional component that manages calculator logic and UI.", "scope": "", "scopeKind": ""}], "calls": ["React.useState", "React.useCallback", "React.useMemo", "React.useRef", "React.useEffect", "window.addEventListener", "window.removeEventListener"], "search-terms": ["React", "Calculator", "useState", "useCallback", "useEffect", "keyboard input", "App component", "calculator behaviors", "percent", "error handling"], "state": 2, "file_id": 7, "knowledge_revision": 26, "git_revision": "5f98b97735e84b6a2d85b21c148eae66fad1165c", "revision_history": [{"25": "5f98b97735e84b6a2d85b21c148eae66fad1165c"}, {"26": "5f98b97735e84b6a2d85b21c148eae66fad1165c"}], "ctags": [{"_type": "tag", "name": "0", "path": "/home/kavia/workspace/code-generation/simple-calculator-interface-42132-42124/frontend_calculator/src/App.js", "pattern": "/^        tabIndex={0}$/", "language": "JavaScript", "kind": "field", "scope": "App.tabIndex", "scopeKind": "class"}, {"_type": "tag", "name": "App", "path": "/home/kavia/workspace/code-generation/simple-calculator-interface-42132-42124/frontend_calculator/src/App.js", "pattern": "/^function App() {$/", "language": "JavaScript", "kind": "function", "signature": "()"}, {"_type": "tag", "name": "alignItems", "path": "/home/kavia/workspace/code-generation/simple-calculator-interface-42132-42124/frontend_calculator/src/App.js", "pattern": "/^      alignItems: \"center\",$/", "language": "JavaScript", "kind": "property", "scope": "App.styles.brand", "scopeKind": "class"}, {"_type": "tag", "name": "alignItems", "path": "/home/kavia/workspace/code-generation/simple-calculator-interface-42132-42124/frontend_calculator/src/App.js", "pattern": "/^      alignItems: \"center\",$/", "language": "JavaScript", "kind": "property", "scope": "App.styles.footer", "scopeKind": "class"}, {"_type": "tag", "name": "alignItems", "path": "/home/kavia/workspace/code-generation/simple-calculator-interface-42132-42124/frontend_calculator/src/App.js", "pattern": "/^      alignItems: \"center\",$/", "language": "JavaScript", "kind": "property", "scope": "App.styles.titleRow", "scopeKind": "class"}, {"_type": "tag", "name": "appearance", "path": "/home/kavia/workspace/code-generation/simple-calculator-interface-42132-42124/frontend_calculator/src/App.js", "pattern": "/^    appearance: \"none\",$/", "language": "JavaScript", "kind": "property", "scope": "App.buttonBase", "scopeKind": "class"}, {"_type": "tag", "name": "background", "path": "/home/kavia/workspace/code-generation/simple-calculator-interface-42132-42124/frontend_calculator/src/App.js", "pattern": "/^      background: THEME.background,$/", "language": "JavaScript", "kind": "property", "scope": "App.styles.footer", "scopeKind": "class"}, {"_type": "tag", "name": "background", "path": "/home/kavia/workspace/code-generation/simple-calculator-interface-42132-42124/frontend_calculator/src/App.js", "pattern": "/^      background: THEME.background,$/", "language": "JavaScript", "kind": "property", "scope": "App.styles.keypad", "scopeKind": "class"}, {"_type": "tag", "name": "background", "path": "/home/kavia/workspace/code-generation/simple-calculator-interface-42132-42124/frontend_calculator/src/App.js", "pattern": "/^      background: THEME.surface,$/", "language": "JavaScript", "kind": "property", "scope": "App.styles.displayWrap", "scopeKind": "class"}, {"_type": "tag", "name": "background", "path": "/home/kavia/workspace/code-generation/simple-calculator-interface-42132-42124/frontend_calculator/src/App.js", "pattern": "/^      background: THEME.surface,$/", "language": "JavaScript", "kind": "property", "scope": "App.styles.kbd", "scopeKind": "class"}, {"_type": "tag", "name": "background", "path": "/home/kavia/workspace/code-generation/simple-calculator-interface-42132-42124/frontend_calculator/src/App.js", "pattern": "/^      background: THEME.surface,$/", "language": "JavaScript", "kind": "property", "scope": "App.styles.shell", "scopeKind": "class"}, {"_type": "tag", "name": "background", "path": "/home/kavia/workspace/code-generation/simple-calculator-interface-42132-42124/frontend_calculator/src/App.js", "pattern": "/^      background: `linear-gradient(135deg, ${THEME.primary}, ${THEME.secondary})`,$/", "language": "JavaScript", "kind": "property", "scope": "App.styles.dot", "scopeKind": "class"}, {"_type": "tag", "name": "background", "path": "/home/kavia/workspace/code-generation/simple-calculator-interface-42132-42124/frontend_calculator/src/App.js", "pattern": "/^      background: `linear-gradient(135deg, rgba(37, 99, 235, 0.10), rgba(245, 158, 11, 0.10))`,$/", "language": "JavaScript", "kind": "property", "scope": "App.styles.header", "scopeKind": "class"}, {"_type": "tag", "name": "background", "path": "/home/kavia/workspace/code-generation/simple-calculator-interface-42132-42124/frontend_calculator/src/App.js", "pattern": "/^      background: `linear-gradient(180deg, ${THEME.background} 0%, rgba(37, 99, 235, 0.06) 60%, /", "language": "JavaScript", "kind": "property", "scope": "App.styles.page", "scopeKind": "class"}, {"_type": "tag", "name": "background", "path": "/home/kavia/workspace/code-generation/simple-calculator-interface-42132-42124/frontend_calculator/src/App.js", "pattern": "/^    background: THEME.surface,$/", "language": "JavaScript", "kind": "property", "scope": "App.buttonBase", "scopeKind": "class"}, {"_type": "tag", "name": "border", "path": "/home/kavia/workspace/code-generation/simple-calculator-interface-42132-42124/frontend_calculator/src/App.js", "pattern": "/^      border: `1px solid ${THEME.border}`,$/", "language": "JavaScript", "kind": "property", "scope": "App.styles.displayWrap", "scopeKind": "class"}, {"_type": "tag", "name": "border", "path": "/home/kavia/workspace/code-generation/simple-calculator-interface-42132-42124/frontend_calculator/src/App.js", "pattern": "/^      border: `1px solid ${THEME.border}`,$/", "language": "JavaScript", "kind": "property", "scope": "App.styles.kbd", "scopeKind": "class"}, {"_type": "tag", "name": "border", "path": "/home/kavia/workspace/code-generation/simple-calculator-interface-42132-42124/frontend_calculator/src/App.js", "pattern": "/^      border: `1px solid ${THEME.border}`,$/", "language": "JavaScript", "kind": "property", "scope": "App.styles.shell", "scopeKind": "class"}, {"_type": "tag", "name": "border", "path": "/home/kavia/workspace/code-generation/simple-calculator-interface-42132-42124/frontend_calculator/src/App.js", "pattern": "/^    border: `1px solid ${THEME.border}`,$/", "language": "JavaScript", "kind": "property", "scope": "App.buttonBase", "scopeKind": "class"}, {"_type": "tag", "name": "borderBottom", "path": "/home/kavia/workspace/code-generation/simple-calculator-interface-42132-42124/frontend_calculator/src/App.js", "pattern": "/^      borderBottom: `1px solid ${THEME.border}`,$/", "language": "JavaScript", "kind": "property", "scope": "App.styles.header", "scopeKind": "class"}, {"_type": "tag", "name": "borderRadius", "path": "/home/kavia/workspace/code-generation/simple-calculator-interface-42132-42124/frontend_calculator/src/App.js", "pattern": "/^      borderRadius: 18,$/", "language": "JavaScript", "kind": "property", "scope": "App.styles.displayWrap", "scopeKind": "class"}, {"_type": "tag", "name": "borderRadius", "path": "/home/kavia/workspace/code-generation/simple-calculator-interface-42132-42124/frontend_calculator/src/App.js", "pattern": "/^      borderRadius: 22,$/", "language": "JavaScript", "kind": "property", "scope": "App.styles.shell", "scopeKind": "class"}, {"_type": "tag", "name": "borderRadius", "path": "/home/kavia/workspace/code-generation/simple-calculator-interface-42132-42124/frontend_calculator/src/App.js", "pattern": "/^      borderRadius: 8,$/", "language": "JavaScript", "kind": "property", "scope": "App.styles.kbd", "scopeKind": "class"}, {"_type": "tag", "name": "borderRadius", "path": "/home/kavia/workspace/code-generation/simple-calculator-interface-42132-42124/frontend_calculator/src/App.js", "pattern": "/^      borderRadius: 999,$/", "language": "JavaScript", "kind": "property", "scope": "App.styles.dot", "scopeKind": "class"}, {"_type": "tag", "name": "borderRadius", "path": "/home/kavia/workspace/code-generation/simple-calculator-interface-42132-42124/frontend_calculator/src/App.js", "pattern": "/^    borderRadius: 14,$/", "language": "JavaScript", "kind": "property", "scope": "App.buttonBase", "scopeKind": "class"}, {"_type": "tag", "name": "boxShadow", "path": "/home/kavia/workspace/code-generation/simple-calculator-interface-42132-42124/frontend_calculator/src/App.js", "pattern": "/^      boxShadow: THEME.shadow,$/", "language": "JavaScript", "kind": "property", "scope": "App.styles.shell", "scopeKind": "class"}, {"_type": "tag", "name": "boxShadow", "path": "/home/kavia/workspace/code-generation/simple-calculator-interface-42132-42124/frontend_calculator/src/App.js", "pattern": "/^      boxShadow: \"0 6px 18px rgba(37, 99, 235, 0.25)\",$/", "language": "JavaScript", "kind": "property", "scope": "App.styles.dot", "scopeKind": "class"}, {"_type": "tag", "name": "boxShadow", "path": "/home/kavia/workspace/code-generation/simple-calculator-interface-42132-42124/frontend_calculator/src/App.js", "pattern": "/^      boxShadow: \"inset 0 1px 0 rgba(255,255,255,0.6)\",$/", "language": "JavaScript", "kind": "property", "scope": "App.styles.displayWrap", "scopeKind": "class"}, {"_type": "tag", "name": "boxShadow", "path": "/home/kavia/workspace/code-generation/simple-calculator-interface-42132-42124/frontend_calculator/src/App.js", "pattern": "/^    boxShadow: \"0 2px 10px rgba(17, 24, 39, 0.06)\",$/", "language": "JavaScript", "kind": "property", "scope": "App.buttonBase", "scopeKind": "class"}, {"_type": "tag", "name": "brand", "path": "/home/kavia/workspace/code-generation/simple-calculator-interface-42132-42124/frontend_calculator/src/App.js", "pattern": "/^    brand: {$/", "language": "JavaScript", "kind": "class", "scope": "App.styles", "scopeKind": "class"}, {"_type": "tag", "name": "btn", "path": "/home/kavia/workspace/code-generation/simple-calculator-interface-42132-42124/frontend_calculator/src/App.js", "pattern": "/^    btn: buttonBase,$/", "language": "JavaScript", "kind": "property", "scope": "App.styles", "scopeKind": "class"}, {"_type": "tag", "name": "btnAccent", "path": "/home/kavia/workspace/code-generation/simple-calculator-interface-42132-42124/frontend_calculator/src/App.js", "pattern": "/^    btnAccent: {$/", "language": "JavaScript", "kind": "property", "scope": "App.styles", "scopeKind": "class"}, {"_type": "tag", "name": "btnDanger", "path": "/home/kavia/workspace/code-generation/simple-calculator-interface-42132-42124/frontend_calculator/src/App.js", "pattern": "/^    btnDanger: {$/", "language": "JavaScript", "kind": "property", "scope": "App.styles", "scopeKind": "class"}, {"_type": "tag", "name": "btnPrimary", "path": "/home/kavia/workspace/code-generation/simple-calculator-interface-42132-42124/frontend_calculator/src/App.js", "pattern": "/^    btnPrimary: {$/", "language": "JavaScript", "kind": "property", "scope": "App.styles", "scopeKind": "class"}, {"_type": "tag", "name": "btnWide", "path": "/home/kavia/workspace/code-generation/simple-calculator-interface-42132-42124/frontend_calculator/src/App.js", "pattern": "/^    btnWide: {$/", "language": "JavaScript", "kind": "class", "scope": "App.styles", "scopeKind": "class"}, {"_type": "tag", "name": "buttonBase", "path": "/home/kavia/workspace/code-generation/simple-calculator-interface-42132-42124/frontend_calculator/src/App.js", "pattern": "/^  const buttonBase = {$/", "language": "JavaScript", "kind": "class", "scope": "App", "scopeKind": "class"}, {"_type": "tag", "name": "color", "path": "/home/kavia/workspace/code-generation/simple-calculator-interface-42132-42124/frontend_calculator/src/App.js", "pattern": "/^      color: THEME.subtle,$/", "language": "JavaScript", "kind": "property", "scope": "App.styles.hint", "scopeKind": "class"}, {"_type": "tag", "name": "color", "path": "/home/kavia/workspace/code-generation/simple-calculator-interface-42132-42124/frontend_calculator/src/App.js", "pattern": "/^      color: THEME.text,$/", "language": "JavaScript", "kind": "property", "scope": "App.styles.kbd", "scopeKind": "class"}, {"_type": "tag", "name": "color", "path": "/home/kavia/workspace/code-generation/simple-calculator-interface-42132-42124/frontend_calculator/src/App.js", "pattern": "/^      color: THEME.text,$/", "language": "JavaScript", "kind": "property", "scope": "App.styles.page", "scopeKind": "class"}, {"_type": "tag", "name": "color", "path": "/home/kavia/workspace/code-generation/simple-calculator-interface-42132-42124/frontend_calculator/src/App.js", "pattern": "/^      color: \"rgba(17, 24, 39, 0.55)\",$/", "language": "JavaScript", "kind": "property", "scope": "App.styles.footer", "scopeKind": "class"}, {"_type": "tag", "name": "color", "path": "/home/kavia/workspace/code-generation/simple-calculator-interface-42132-42124/frontend_calculator/src/App.js", "pattern": "/^      color: error ? THEME.error : THEME.text,$/", "language": "JavaScript", "kind": "property", "scope": "App.styles.mainDisplay", "scopeKind": "class"}, {"_type": "tag", "name": "color", "path": "/home/kavia/workspace/code-generation/simple-calculator-interface-42132-42124/frontend_calculator/src/App.js", "pattern": "/^      color: error ? THEME.error : \"rgba(17, 24, 39, 0.55)\",$/", "language": "JavaScript", "kind": "property", "scope": "App.styles.previousLine", "scopeKind": "class"}, {"_type": "tag", "name": "color", "path": "/home/kavia/workspace/code-generation/simple-calculator-interface-42132-42124/frontend_calculator/src/App.js", "pattern": "/^    color: THEME.text,$/", "language": "JavaScript", "kind": "property", "scope": "App.buttonBase", "scopeKind": "class"}, {"_type": "tag", "name": "containerRef", "path": "/home/kavia/workspace/code-generation/simple-calculator-interface-42132-42124/frontend_calculator/src/App.js", "pattern": "/^        ref={containerRef}$/", "language": "JavaScript", "kind": "field", "scope": "App.ref", "scopeKind": "class"}, {"_type": "tag", "name": "cursor", "path": "/home/kavia/workspace/code-generation/simple-calculator-interface-42132-42124/frontend_calculator/src/App.js", "pattern": "/^    cursor: \"pointer\",$/", "language": "JavaScript", "kind": "property", "scope": "App.buttonBase", "scopeKind": "class"}, {"_type": "tag", "name": "display", "path": "/home/kavia/workspace/code-generation/simple-calculator-interface-42132-42124/frontend_calculator/src/App.js", "pattern": "/^      display: \"flex\",$/", "language": "JavaScript", "kind": "property", "scope": "App.styles.brand", "scopeKind": "class"}, {"_type": "tag", "name": "display", "path": "/home/kavia/workspace/code-generation/simple-calculator-interface-42132-42124/frontend_calculator/src/App.js", "pattern": "/^      display: \"flex\",$/", "language": "JavaScript", "kind": "property", "scope": "App.styles.footer", "scopeKind": "class"}, {"_type": "tag", "name": "display", "path": "/home/kavia/workspace/code-generation/simple-calculator-interface-42132-42124/frontend_calculator/src/App.js", "pattern": "/^      display: \"flex\",$/", "language": "JavaScript", "kind": "property", "scope": "App.styles.titleRow", "scopeKind": "class"}, {"_type": "tag", "name": "display", "path": "/home/kavia/workspace/code-generation/simple-calculator-interface-42132-42124/frontend_calculator/src/App.js", "pattern": "/^      display: \"grid\",$/", "language": "JavaScript", "kind": "property", "scope": "App.styles.keypad", "scopeKind": "class"}, {"_type": "tag", "name": "display", "path": "/home/kavia/workspace/code-generation/simple-calculator-interface-42132-42124/frontend_calculator/src/App.js", "pattern": "/^      display: \"grid\",$/", "language": "JavaScript", "kind": "property", "scope": "App.styles.page", "scopeKind": "class"}, {"_type": "tag", "name": "displayWrap", "path": "/home/kavia/workspace/code-generation/simple-calculator-interface-42132-42124/frontend_calculator/src/App.js", "pattern": "/^    displayWrap: {$/", "language": "JavaScript", "kind": "class", "scope": "App.styles", "scopeKind": "class"}, {"_type": "tag", "name": "dot", "path": "/home/kavia/workspace/code-generation/simple-calculator-interface-42132-42124/frontend_calculator/src/App.js", "pattern": "/^    dot: {$/", "language": "JavaScript", "kind": "class", "scope": "App.styles", "scopeKind": "class"}, {"_type": "tag", "name": "fontFamily", "path": "/home/kavia/workspace/code-generation/simple-calculator-interface-42132-42124/frontend_calculator/src/App.js", "pattern": "/^      fontFamily:$/", "language": "JavaScript", "kind": "property", "scope": "App.styles.kbd", "scopeKind": "class"}, {"_type": "tag", "name": "fontFamily", "path": "/home/kavia/workspace/code-generation/simple-calculator-interface-42132-42124/frontend_calculator/src/App.js", "pattern": "/^      fontFamily:$/", "language": "JavaScript", "kind": "property", "scope": "App.styles.page", "scopeKind": "class"}, {"_type": "tag", "name": "fontSize", "path": "/home/kavia/workspace/code-generation/simple-calculator-interface-42132-42124/frontend_calculator/src/App.js", "pattern": "/^      fontSize: 11,$/", "language": "JavaScript", "kind": "property", "scope": "App.styles.kbd", "scopeKind": "class"}, {"_type": "tag", "name": "fontSize", "path": "/home/kavia/workspace/code-generation/simple-calculator-interface-42132-42124/frontend_calculator/src/App.js", "pattern": "/^      fontSize: 12,$/", "language": "JavaScript", "kind": "property", "scope": "App.styles.footer", "scopeKind": "class"}, {"_type": "tag", "name": "fontSize", "path": "/home/kavia/workspace/code-generation/simple-calculator-interface-42132-42124/frontend_calculator/src/App.js", "pattern": "/^      fontSize: 12,$/", "language": "JavaScript", "kind": "property", "scope": "App.styles.hint", "scopeKind": "class"}, {"_type": "tag", "name": "fontSize", "path": "/home/kavia/workspace/code-generation/simple-calculator-interface-42132-42124/frontend_calculator/src/App.js", "pattern": "/^      fontSize: 12,$/", "language": "JavaScript", "kind": "property", "scope": "App.styles.previousLine", "scopeKind": "class"}, {"_type": "tag", "name": "fontSize", "path": "/home/kavia/workspace/code-generation/simple-calculator-interface-42132-42124/frontend_calculator/src/App.js", "pattern": "/^      fontSize: 34,$/", "language": "JavaScript", "kind": "property", "scope": "App.styles.mainDisplay", "scopeKind": "class"}, {"_type": "tag", "name": "fontSize", "path": "/home/kavia/workspace/code-generation/simple-calculator-interface-42132-42124/frontend_calculator/src/App.js", "pattern": "/^    fontSize: 16,$/", "language": "JavaScript", "kind": "property", "scope": "App.buttonBase", "scopeKind": "class"}, {"_type": "tag", "name": "fontWeight", "path": "/home/kavia/workspace/code-generation/simple-calculator-interface-42132-42124/frontend_calculator/src/App.js", "pattern": "/^      fontWeight: 600,$/", "language": "JavaScript", "kind": "property", "scope": "App.styles.previousLine", "scopeKind": "class"}, {"_type": "tag", "name": "fontWeight", "path": "/home/kavia/workspace/code-generation/simple-calculator-interface-42132-42124/frontend_calculator/src/App.js", "pattern": "/^      fontWeight: 800,$/", "language": "JavaScript", "kind": "property", "scope": "App.styles.brand", "scopeKind": "class"}, {"_type": "tag", "name": "fontWeight", "path": "/home/kavia/workspace/code-generation/simple-calculator-interface-42132-42124/frontend_calculator/src/App.js", "pattern": "/^      fontWeight: 800,$/", "language": "JavaScript", "kind": "property", "scope": "App.styles.mainDisplay", "scopeKind": "class"}, {"_type": "tag", "name": "fontWeight", "path": "/home/kavia/workspace/code-generation/simple-calculator-interface-42132-42124/frontend_calculator/src/App.js", "pattern": "/^    fontWeight: 700,$/", "language": "JavaScript", "kind": "property", "scope": "App.buttonBase", "scopeKind": "class"}, {"_type": "tag", "name": "footer", "path": "/home/kavia/workspace/code-generation/simple-calculator-interface-42132-42124/frontend_calculator/src/App.js", "pattern": "/^    footer: {$/", "language": "JavaScript", "kind": "class", "scope": "App.styles", "scopeKind": "class"}, {"_type": "tag", "name": "gap", "path": "/home/kavia/workspace/code-generation/simple-calculator-interface-42132-42124/frontend_calculator/src/App.js", "pattern": "/^      gap: 10,$/", "language": "JavaScript", "kind": "property", "scope": "App.styles.brand", "scopeKind": "class"}, {"_type": "tag", "name": "gap", "path": "/home/kavia/workspace/code-generation/simple-calculator-interface-42132-42124/frontend_calculator/src/App.js", "pattern": "/^      gap: 12,$/", "language": "JavaScript", "kind": "property", "scope": "App.styles.footer", "scopeKind": "class"}, {"_type": "tag", "name": "gap", "path": "/home/kavia/workspace/code-generation/simple-calculator-interface-42132-42124/frontend_calculator/src/App.js", "pattern": "/^      gap: 12,$/", "language": "JavaScript", "kind": "property", "scope": "App.styles.keypad", "scopeKind": "class"}, {"_type": "tag", "name": "gap", "path": "/home/kavia/workspace/code-generation/simple-calculator-interface-42132-42124/frontend_calculator/src/App.js", "pattern": "/^      gap: 12,$/", "language": "JavaScript", "kind": "property", "scope": "App.styles.titleRow", "scopeKind": "class"}, {"_type": "tag", "name": "gridColumn", "path": "/home/kavia/workspace/code-generation/simple-calculator-interface-42132-42124/frontend_calculator/src/App.js", "pattern": "/^      gridColumn: \"span 2\",$/", "language": "JavaScript", "kind": "property", "scope": "App.styles.btnWide", "scopeKind": "class"}, {"_type": "tag", "name": "gridTemplateColumns", "path": "/home/kavia/workspace/code-generation/simple-calculator-interface-42132-42124/frontend_calculator/src/App.js", "pattern": "/^      gridTemplateColumns: \"repeat(4, 1fr)\",$/", "language": "JavaScript", "kind": "property", "scope": "App.styles.keypad", "scopeKind": "class"}, {"_type": "tag", "name": "header", "path": "/home/kavia/workspace/code-generation/simple-calculator-interface-42132-42124/frontend_calculator/src/App.js", "pattern": "/^    header: {$/", "language": "JavaScript", "kind": "class", "scope": "App.styles", "scopeKind": "class"}, {"_type": "tag", "name": "height", "path": "/home/kavia/workspace/code-generation/simple-calculator-interface-42132-42124/frontend_calculator/src/App.js", "pattern": "/^      height: 12,$/", "language": "JavaScript", "kind": "property", "scope": "App.styles.dot", "scopeKind": "class"}, {"_type": "tag", "name": "hint", "path": "/home/kavia/workspace/code-generation/simple-calculator-interface-42132-42124/frontend_calculator/src/App.js", "pattern": "/^    hint: {$/", "language": "JavaScript", "kind": "class", "scope": "App.styles", "scopeKind": "class"}, {"_type": "tag", "name": "justifyContent", "path": "/home/kavia/workspace/code-generation/simple-calculator-interface-42132-42124/frontend_calculator/src/App.js", "pattern": "/^      justifyContent: \"space-between\",$/", "language": "JavaScript", "kind": "property", "scope": "App.styles.footer", "scopeKind": "class"}, {"_type": "tag", "name": "justifyContent", "path": "/home/kavia/workspace/code-generation/simple-calculator-interface-42132-42124/frontend_calculator/src/App.js", "pattern": "/^      justifyContent: \"space-between\",$/", "language": "JavaScript", "kind": "property", "scope": "App.styles.titleRow", "scopeKind": "class"}, {"_type": "tag", "name": "kbd", "path": "/home/kavia/workspace/code-generation/simple-calculator-interface-42132-42124/frontend_calculator/src/App.js", "pattern": "/^    kbd: {$/", "language": "JavaScript", "kind": "class", "scope": "App.styles", "scopeKind": "class"}, {"_type": "tag", "name": "keypad", "path": "/home/kavia/workspace/code-generation/simple-calculator-interface-42132-42124/frontend_calculator/src/App.js", "pattern": "/^    keypad: {$/", "language": "JavaScript", "kind": "class", "scope": "App.styles", "scopeKind": "class"}, {"_type": "tag", "name": "label", "path": "/home/kavia/workspace/code-generation/simple-calculator-interface-42132-42124/frontend_calculator/src/App.js", "pattern": "/^  const Button = ({ label, ariaLabel, style, action }) => ($/", "language": "JavaScript", "kind": "field", "scope": "App.Button", "scopeKind": "class"}, {"_type": "tag", "name": "letterSpacing", "path": "/home/kavia/workspace/code-generation/simple-calculator-interface-42132-42124/frontend_calculator/src/App.js", "pattern": "/^      letterSpacing: \"-0.02em\",$/", "language": "JavaScript", "kind": "property", "scope": "App.styles.brand", "scopeKind": "class"}, {"_type": "tag", "name": "letterSpacing", "path": "/home/kavia/workspace/code-generation/simple-calculator-interface-42132-42124/frontend_calculator/src/App.js", "pattern": "/^      letterSpacing: \"-0.02em\",$/", "language": "JavaScript", "kind": "property", "scope": "App.styles.mainDisplay", "scopeKind": "class"}, {"_type": "tag", "name": "letterSpacing", "path": "/home/kavia/workspace/code-generation/simple-calculator-interface-42132-42124/frontend_calculator/src/App.js", "pattern": "/^      letterSpacing: \"0.02em\",$/", "language": "JavaScript", "kind": "property", "scope": "App.styles.previousLine", "scopeKind": "class"}, {"_type": "tag", "name": "lineHeight", "path": "/home/kavia/workspace/code-generation/simple-calculator-interface-42132-42124/frontend_calculator/src/App.js", "pattern": "/^      lineHeight: 1.15,$/", "language": "JavaScript", "kind": "property", "scope": "App.styles.mainDisplay", "scopeKind": "class"}, {"_type": "tag", "name": "lineHeight", "path": "/home/kavia/workspace/code-generation/simple-calculator-interface-42132-42124/frontend_calculator/src/App.js", "pattern": "/^      lineHeight: 1.2,$/", "language": "JavaScript", "kind": "property", "scope": "App.styles.hint", "scopeKind": "class"}, {"_type": "tag", "name": "mainDisplay", "path": "/home/kavia/workspace/code-generation/simple-calculator-interface-42132-42124/frontend_calculator/src/App.js", "pattern": "/^    mainDisplay: {$/", "language": "JavaScript", "kind": "class", "scope": "App.styles", "scopeKind": "class"}, {"_type": "tag", "name": "marginBottom", "path": "/home/kavia/workspace/code-generation/simple-calculator-interface-42132-42124/frontend_calculator/src/App.js", "pattern": "/^      marginBottom: 10,$/", "language": "JavaScript", "kind": "property", "scope": "App.styles.titleRow", "scopeKind": "class"}, {"_type": "tag", "name": "marginTop", "path": "/home/kavia/workspace/code-generation/simple-calculator-interface-42132-42124/frontend_calculator/src/App.js", "pattern": "/^      marginTop: 6,$/", "language": "JavaScript", "kind": "property", "scope": "App.styles.mainDisplay", "scopeKind": "class"}, {"_type": "tag", "name": "minHeight", "path": "/home/kavia/workspace/code-generation/simple-calculator-interface-42132-42124/frontend_calculator/src/App.js", "pattern": "/^      minHeight: 18,$/", "language": "JavaScript", "kind": "property", "scope": "App.styles.previousLine", "scopeKind": "class"}, {"_type": "tag", "name": "minHeight", "path": "/home/kavia/workspace/code-generation/simple-calculator-interface-42132-42124/frontend_calculator/src/App.js", "pattern": "/^      minHeight: \"100vh\",$/", "language": "JavaScript", "kind": "property", "scope": "App.styles.page", "scopeKind": "class"}, {"_type": "tag", "name": "overflow", "path": "/home/kavia/workspace/code-generation/simple-calculator-interface-42132-42124/frontend_calculator/src/App.js", "pattern": "/^      overflow: \"hidden\",$/", "language": "JavaScript", "kind": "property", "scope": "App.styles.mainDisplay", "scopeKind": "class"}, {"_type": "tag", "name": "overflow", "path": "/home/kavia/workspace/code-generation/simple-calculator-interface-42132-42124/frontend_calculator/src/App.js", "pattern": "/^      overflow: \"hidden\",$/", "language": "JavaScript", "kind": "property", "scope": "App.styles.previousLine", "scopeKind": "class"}, {"_type": "tag", "name": "overflow", "path": "/home/kavia/workspace/code-generation/simple-calculator-interface-42132-42124/frontend_calculator/src/App.js", "pattern": "/^      overflow: \"hidden\",$/", "language": "JavaScript", "kind": "property", "scope": "App.styles.shell", "scopeKind": "class"}, {"_type": "tag", "name": "padding", "path": "/home/kavia/workspace/code-generation/simple-calculator-interface-42132-42124/frontend_calculator/src/App.js", "pattern": "/^      padding: 16,$/", "language": "JavaScript", "kind": "property", "scope": "App.styles.keypad", "scopeKind": "class"}, {"_type": "tag", "name": "padding", "path": "/home/kavia/workspace/code-generation/simple-calculator-interface-42132-42124/frontend_calculator/src/App.js", "pattern": "/^      padding: 24,$/", "language": "JavaScript", "kind": "property", "scope": "App.styles.page", "scopeKind": "class"}, {"_type": "tag", "name": "padding", "path": "/home/kavia/workspace/code-generation/simple-calculator-interface-42132-42124/frontend_calculator/src/App.js", "pattern": "/^      padding: \"0 16px 16px 16px\",$/", "language": "JavaScript", "kind": "property", "scope": "App.styles.footer", "scopeKind": "class"}, {"_type": "tag", "name": "padding", "path": "/home/kavia/workspace/code-generation/simple-calculator-interface-42132-42124/frontend_calculator/src/App.js", "pattern": "/^      padding: \"14px 14px 12px 14px\",$/", "language": "JavaScript", "kind": "property", "scope": "App.styles.displayWrap", "scopeKind": "class"}, {"_type": "tag", "name": "padding", "path": "/home/kavia/workspace/code-generation/simple-calculator-interface-42132-42124/frontend_calculator/src/App.js", "pattern": "/^      padding: \"18px 18px 8px 18px\",$/", "language": "JavaScript", "kind": "property", "scope": "App.styles.header", "scopeKind": "class"}, {"_type": "tag", "name": "padding", "path": "/home/kavia/workspace/code-generation/simple-calculator-interface-42132-42124/frontend_calculator/src/App.js", "pattern": "/^      padding: \"2px 6px\",$/", "language": "JavaScript", "kind": "property", "scope": "App.styles.kbd", "scopeKind": "class"}, {"_type": "tag", "name": "padding", "path": "/home/kavia/workspace/code-generation/simple-calculator-interface-42132-42124/frontend_calculator/src/App.js", "pattern": "/^    padding: \"14px 10px\",$/", "language": "JavaScript", "kind": "property", "scope": "App.buttonBase", "scopeKind": "class"}, {"_type": "tag", "name": "page", "path": "/home/kavia/workspace/code-generation/simple-calculator-interface-42132-42124/frontend_calculator/src/App.js", "pattern": "/^    page: {$/", "language": "JavaScript", "kind": "class", "scope": "App.styles", "scopeKind": "class"}], "hash": "d4853622fb0a85c54f6e0d6dd1459f83", "format-version": 4, "code-base-name": "frontend_calculator", "filename": "frontend_calculator/src/App.js", "fields": [{"name": "tabIndex={0}", "scope": "App.tabIndex", "scopeKind": "class", "description": "unavailable"}, {"name": "alignItems: \"center\",", "scope": "App.styles.brand", "scopeKind": "class", "description": "unavailable"}, {"name": "appearance: \"none\",", "scope": "App.buttonBase", "scopeKind": "class", "description": "unavailable"}, {"name": "background: THEME.background,", "scope": "App.styles.footer", "scopeKind": "class", "description": "unavailable"}, {"name": "background: THEME.surface,", "scope": "App.styles.displayWrap", "scopeKind": "class", "description": "unavailable"}, {"name": "background: `linear-gradient(135deg, ${THEME.primary}, ${THEME.secondary})`,", "scope": "App.styles.dot", "scopeKind": "class", "description": "unavailable"}, {"name": "background: `linear-gradient(135deg, rgba(37, 99, 235, 0.10), rgba(245, 158, 11, 0.10))`,", "scope": "App.styles.header", "scopeKind": "class", "description": "unavailable"}, {"name": "background: `linear-gradient(180deg, ${THEME.background} 0%, rgba(37, 99, 235, 0.06) 60%, /", "scope": "App.styles.page", "scopeKind": "class", "description": "unavailable"}, {"name": "border: `1px solid ${THEME.border}`,", "scope": "App.styles.displayWrap", "scopeKind": "class", "description": "unavailable"}, {"name": "borderBottom: `1px solid ${THEME.border}`,", "scope": "App.styles.header", "scopeKind": "class", "description": "unavailable"}, {"name": "borderRadius: 18,", "scope": "App.styles.displayWrap", "scopeKind": "class", "description": "unavailable"}, {"name": "borderRadius: 22,", "scope": "App.styles.shell", "scopeKind": "class", "description": "unavailable"}, {"name": "borderRadius: 8,", "scope": "App.styles.kbd", "scopeKind": "class", "description": "unavailable"}, {"name": "borderRadius: 999,", "scope": "App.styles.dot", "scopeKind": "class", "description": "unavailable"}, {"name": "borderRadius: 14,", "scope": "App.buttonBase", "scopeKind": "class", "description": "unavailable"}, {"name": "boxShadow: THEME.shadow,", "scope": "App.styles.shell", "scopeKind": "class", "description": "unavailable"}, {"name": "boxShadow: \"0 6px 18px rgba(37, 99, 235, 0.25)\",", "scope": "App.styles.dot", "scopeKind": "class", "description": "unavailable"}, {"name": "boxShadow: \"inset 0 1px 0 rgba(255,255,255,0.6)\",", "scope": "App.styles.displayWrap", "scopeKind": "class", "description": "unavailable"}, {"name": "boxShadow: \"0 2px 10px rgba(17, 24, 39, 0.06)\",", "scope": "App.buttonBase", "scopeKind": "class", "description": "unavailable"}, {"name": "btn: buttonBase,", "scope": "App.styles", "scopeKind": "class", "description": "unavailable"}, {"name": "btnAccent: {", "scope": "App.styles", "scopeKind": "class", "description": "unavailable"}, {"name": "btnDanger: {", "scope": "App.styles", "scopeKind": "class", "description": "unavailable"}, {"name": "btnPrimary: {", "scope": "App.styles", "scopeKind": "class", "description": "unavailable"}, {"name": "color: THEME.subtle,", "scope": "App.styles.hint", "scopeKind": "class", "description": "unavailable"}, {"name": "color: THEME.text,", "scope": "App.styles.kbd", "scopeKind": "class", "description": "unavailable"}, {"name": "color: \"rgba(17, 24, 39, 0.55)\",", "scope": "App.styles.footer", "scopeKind": "class", "description": "unavailable"}, {"name": "color: error ? THEME.error : THEME.text,", "scope": "App.styles.mainDisplay", "scopeKind": "class", "description": "unavailable"}, {"name": "color: error ? THEME.error : \"rgba(17, 24, 39, 0.55)\",", "scope": "App.styles.previousLine", "scopeKind": "class", "description": "unavailable"}, {"name": "ref={containerRef}", "scope": "App.ref", "scopeKind": "class", "description": "unavailable"}, {"name": "cursor: \"pointer\",", "scope": "App.buttonBase", "scopeKind": "class", "description": "unavailable"}, {"name": "display: \"flex\",", "scope": "App.styles.brand", "scopeKind": "class", "description": "unavailable"}, {"name": "display: \"grid\",", "scope": "App.styles.keypad", "scopeKind": "class", "description": "unavailable"}, {"name": "fontFamily:", "scope": "App.styles.kbd", "scopeKind": "class", "description": "unavailable"}, {"name": "fontSize: 11,", "scope": "App.styles.kbd", "scopeKind": "class", "description": "unavailable"}, {"name": "fontSize: 12,", "scope": "App.styles.footer", "scopeKind": "class", "description": "unavailable"}, {"name": "fontSize: 34,", "scope": "App.styles.mainDisplay", "scopeKind": "class", "description": "unavailable"}, {"name": "fontSize: 16,", "scope": "App.buttonBase", "scopeKind": "class", "description": "unavailable"}, {"name": "fontWeight: 600,", "scope": "App.styles.previousLine", "scopeKind": "class", "description": "unavailable"}, {"name": "fontWeight: 800,", "scope": "App.styles.brand", "scopeKind": "class", "description": "unavailable"}, {"name": "fontWeight: 700,", "scope": "App.buttonBase", "scopeKind": "class", "description": "unavailable"}, {"name": "gap: 10,", "scope": "App.styles.brand", "scopeKind": "class", "description": "unavailable"}, {"name": "gap: 12,", "scope": "App.styles.footer", "scopeKind": "class", "description": "unavailable"}, {"name": "gridColumn: \"span 2\",", "scope": "App.styles.btnWide", "scopeKind": "class", "description": "unavailable"}, {"name": "gridTemplateColumns: \"repeat(4, 1fr)\",", "scope": "App.styles.keypad", "scopeKind": "class", "description": "unavailable"}, {"name": "height: 12,", "scope": "App.styles.dot", "scopeKind": "class", "description": "unavailable"}, {"name": "justifyContent: \"space-between\",", "scope": "App.styles.footer", "scopeKind": "class", "description": "unavailable"}, {"name": "const Button = ({ label, ariaLabel, style, action }) => (", "scope": "App.Button", "scopeKind": "class", "description": "unavailable"}, {"name": "letterSpacing: \"-0.02em\",", "scope": "App.styles.brand", "scopeKind": "class", "description": "unavailable"}, {"name": "letterSpacing: \"0.02em\",", "scope": "App.styles.previousLine", "scopeKind": "class", "description": "unavailable"}, {"name": "lineHeight: 1.15,", "scope": "App.styles.mainDisplay", "scopeKind": "class", "description": "unavailable"}, {"name": "lineHeight: 1.2,", "scope": "App.styles.hint", "scopeKind": "class", "description": "unavailable"}, {"name": "marginBottom: 10,", "scope": "App.styles.titleRow", "scopeKind": "class", "description": "unavailable"}, {"name": "marginTop: 6,", "scope": "App.styles.mainDisplay", "scopeKind": "class", "description": "unavailable"}, {"name": "minHeight: 18,", "scope": "App.styles.previousLine", "scopeKind": "class", "description": "unavailable"}, {"name": "minHeight: \"100vh\",", "scope": "App.styles.page", "scopeKind": "class", "description": "unavailable"}, {"name": "overflow: \"hidden\",", "scope": "App.styles.mainDisplay", "scopeKind": "class", "description": "unavailable"}, {"name": "padding: 16,", "scope": "App.styles.keypad", "scopeKind": "class", "description": "unavailable"}, {"name": "padding: 24,", "scope": "App.styles.page", "scopeKind": "class", "description": "unavailable"}, {"name": "padding: \"0 16px 16px 16px\",", "scope": "App.styles.footer", "scopeKind": "class", "description": "unavailable"}, {"name": "padding: \"14px 14px 12px 14px\",", "scope": "App.styles.displayWrap", "scopeKind": "class", "description": "unavailable"}, {"name": "padding: \"18px 18px 8px 18px\",", "scope": "App.styles.header", "scopeKind": "class", "description": "unavailable"}, {"name": "padding: \"2px 6px\",", "scope": "App.styles.kbd", "scopeKind": "class", "description": "unavailable"}, {"name": "padding: \"14px 10px\",", "scope": "App.buttonBase", "scopeKind": "class", "description": "unavailable"}]}