{"is_source_file": false, "format": "", "description": "", "external_files": [], "external_methods": [], "published": [], "classes": [], "methods": [], "calls": [], "search-terms": ["CSS Variables", "Theme Management", "dark theme", "light theme", "App.css", "CSS variables for theme", "responsive design", "media queries", "transition", "CSS animations"], "state": 2, "file_id": 5, "knowledge_revision": 20, "git_revision": "5f98b97735e84b6a2d85b21c148eae66fad1165c", "hash": "22f9e17cc1848b56dbb244518ac2707e", "format-version": 4, "code-base-name": "frontend_calculator", "filename": "frontend_calculator/src/App.css", "revision_history": [{"20": "5f98b97735e84b6a2d85b21c148eae66fad1165c"}]}