{"is_source_file": true, "format": "JavaScript", "description": "This file serves as the entry point for a React-based frontend application. It initializes the React app by rendering the App component into the root DOM element and applies strict mode for highlighting potential issues.", "external_files": ["./index.css", "./App"], "external_methods": ["ReactDOM.createRoot", "root.render"], "published": ["React", "ReactDOM", "App"], "classes": [], "methods": [{"name": "ReactDOM.createRoot", "description": "Creates a root to render a React application into the specified DOM element."}, {"name": "root.render", "description": "Renders the React component tree into the DOM."}], "calls": ["ReactDOM.createRoot", "root.render"], "search-terms": ["index.js", "React entry point", "ReactDOM", "React.StrictMode", "App component"], "state": 2, "file_id": 6, "knowledge_revision": 24, "git_revision": "5f98b97735e84b6a2d85b21c148eae66fad1165c", "ctags": [{"_type": "tag", "name": "root", "path": "/home/kavia/workspace/code-generation/simple-calculator-interface-42132-42124/frontend_calculator/src/index.js", "pattern": "/^const root = ReactDOM.createRoot(document.getElementById('root'));$/", "language": "JavaScript", "kind": "constant"}], "hash": "9fc5841375336fc175b49f8767a11383", "format-version": 4, "code-base-name": "frontend_calculator", "filename": "frontend_calculator/src/index.js", "revision_history": [{"24": "5f98b97735e84b6a2d85b21c148eae66fad1165c"}]}