{"is_source_file": false, "format": "", "description": "", "external_files": [], "external_methods": [], "published": [], "classes": [], "methods": [], "calls": [], "search-terms": [], "state": 2, "file_id": 10, "knowledge_revision": 15, "git_revision": "5f98b97735e84b6a2d85b21c148eae66fad1165c", "hash": "d9d975cebe2ec20b6c652e1e4c12ccf0", "format-version": 4, "code-base-name": "frontend_calculator", "filename": "frontend_calculator/public/manifest.json", "revision_history": [{"15": "5f98b97735e84b6a2d85b21c148eae66fad1165c"}]}