{"is_source_file": false, "format": "", "description": "", "external_files": [], "external_methods": [], "published": [], "classes": [], "methods": [], "calls": [], "search-terms": [], "state": 2, "file_id": 9, "knowledge_revision": 16, "git_revision": "5f98b97735e84b6a2d85b21c148eae66fad1165c", "hash": "d2b40d02d5f7873d8a6713bad837edd4", "format-version": 4, "code-base-name": "frontend_calculator", "filename": "frontend_calculator/public/index.html", "revision_history": [{"16": "5f98b97735e84b6a2d85b21c148eae66fad1165c"}]}