{"is_source_file": false, "format": "", "description": "", "external_files": [], "external_methods": [], "published": [], "classes": [], "methods": [], "calls": [], "search-terms": [], "state": 2, "file_id": 2, "knowledge_revision": 19, "git_revision": "5f98b97735e84b6a2d85b21c148eae66fad1165c", "hash": "6c2104b8d219ed99234ae2d6329f4357", "format-version": 4, "code-base-name": "frontend_calculator", "filename": "frontend_calculator/src/index.css", "revision_history": [{"19": "5f98b97735e84b6a2d85b21c148eae66fad1165c"}]}