{"is_source_file": false, "format": "", "description": "", "external_files": [], "external_methods": [], "published": [], "classes": [], "methods": [], "calls": [], "search-terms": [], "state": 2, "file_id": 1, "knowledge_revision": 14, "git_revision": "5f98b97735e84b6a2d85b21c148eae66fad1165c", "hash": "d001d53c059625c4bcf75bf5a7f3fcf0", "format-version": 4, "code-base-name": "frontend_calculator", "filename": "frontend_calculator/package.json", "revision_history": [{"14": "5f98b97735e84b6a2d85b21c148eae66fad1165c"}]}