{"is_source_file": false, "format": "", "description": "", "external_files": [], "external_methods": [], "published": [], "classes": [], "methods": [], "calls": [], "search-terms": [], "state": 2, "file_id": 12, "knowledge_revision": 21, "git_revision": "5cd3499aec45cf161b03f0081cb62d9ba8a0f3e9", "hash": "e84da8f2eb7f988f57453ce9e7a52381", "format-version": 4, "code-base-name": "frontend_calculator", "filename": "README.md", "revision_history": [{"21": "5cd3499aec45cf161b03f0081cb62d9ba8a0f3e9"}]}